Kode,fungsi,subfungsi,PROGRAM,KEGIATAN,KRO,RO,uraisubkegiatan
1,KESEHATAN,Pelayanan Kesehatan Perorangan,Program Pencegahan dan Pengendalian Penyakit,Dukungan Pelayanan Kekarantinaan di Pintu Masuk Negara dan Wilayah,Pelayanan Publik kepada masyarakat,Pelayanan kesehatan haji,Pengelolaan Pelayanan Kesehatan Haji
2,KESEHATAN,Pelayanan Kesehatan Perorangan,Program Pencegahan dan Pengendalian Penyakit,Dukungan Pelayanan Kekarantinaan di Pintu Masuk Negara dan Wilayah,Pelayanan Publik Lainnya,Layanan Kegawatdaruratan dan rujukan (katagori II),Pengelolaan Pelayanan Kesehatan bagi Penduduk pada Kondisi Kejadian Luar Biasa (KLB)
3,KESEHATAN,Pelayanan Kesehatan Perorangan,Program Pencegahan dan Pengendalian Penyakit,Surveilans dan Kekarantinaan Kesehatan,Pelayanan Publik Lainnya,Surveilans KIPI,Pengelolaan Surveilans Kesehatan
4,KESEHATAN,Pelayanan Kesehatan Perorangan,Program Pencegahan dan Pengendalian Penyakit,Pencegahan dan Pengendalian Masalah Kesehatan Jiwa dan NAPZA,Pelayanan Publik kepada masyarakat,Pelayanan Klaim IPWL dan Skrining P2 Makeswa dan Napza,Pengelolaan Pelayanan Kesehatan Jiwa dan NAPZA
5,KESEHATAN,Pelayanan Kesehatan Perorangan,Program Pencegahan dan Pengendalian Penyakit,Pencegahan dan Pengendalian Masalah Kesehatan Jiwa dan NAPZA,Fasilitasi dan Pembinaan Pemerintah Daerah,Supervisi Pencegahan dan Pengendalian Makeswa dan Napza,Deteksi Dini Penyalahgunaan NAPZA di Fasyankes dan Sekolah
"6,KESEHATAN,Pelayanan Kesehatan Perorangan,Program Pencegahan dan Pengendalian Penyakit,Pencegahan dan Pengendalian Penyakit Menular Langsung,""Norma, Standard, Prosedur dan Kriteria"",NSPK P2 Hepatitis,Pengelolaan Pelayanan Kesehatan Penyakit Menular dan Tidak Menular "
7,KESEHATAN,Pelayanan Kesehatan Perorangan,Program Pencegahan dan Pengendalian Penyakit,Pencegahan dan Pengendalian Penyakit Menular Langsung,Pelatihan Bidang Kesehatan,Workshop Tatalaksana dan Manajemen P2 Hepatitis di Provinsi,Pelayanan Kesehatan Penyakit Menular dan Tidak Menular
8,KESEHATAN,Pelayanan Kesehatan Perorangan,Program Pencegahan dan Pengendalian Penyakit,Dukungan Pelayanan Surveilans dan Laboratorium Kesehatan Masyarakat untuk Pencegahan dan Pengendalian Penyakit,Penyidikan dan Pengujian Penyakit,Pemeriksaan sampel penyakit dan lingkungan,Pengambilan dan Pengiriman Spesimen Penyakit Potensial KLB ke Laboratorium Rujukan/Nasional
"9,PELAYANAN UMUM,,Program Pencegahan dan Pengendalian Penyakit,Pencegahan dan Pengendalian Penyakit Tular Vektor dan Zoonotik,Koordinasi,Koordinasi Percepatan Eliminasi Malaria di Papua dan Papua Barat,""Pelaksanaan Koordinasi, Pemantauan dan Evaluasi Bidang Kesehatan, Pemberdayaan, Perlindungan Anak dan Pengendalian Penduduk"""
10,KESEHATAN,Pelayanan Kesehatan Perorangan,Program Pencegahan dan Pengendalian Penyakit,Dukungan Pelayanan Kekarantinaan di Pintu Masuk Negara dan Wilayah,Sarana Bidang Kesehatan,Pengadaan alat dan bahan kekarantinaan kesehatan di pintu masuk,Pemeliharaan Prasarana Fasilitas Layanan Kesehatan 
11,KESEHATAN,Pelayanan Kesehatan Perorangan,Program Pencegahan dan Pengendalian Penyakit,Dukungan Pelayanan Surveilans dan Laboratorium Kesehatan Masyarakat untuk Pencegahan dan Pengendalian Penyakit,Penyidikan dan Pengujian Peralatan,Kalibrasi alat laboratorium,Pemeliharaan Alat Kesehatan/Alat Penunjang Medik Fasilitas Layanan Kesehatan 
15,KESEHATAN,Pelayanan Kesehatan Perorangan,Program Pencegahan dan Pengendalian Penyakit,Pencegahan dan Pengendalian Penyakit Tular Vektor dan Zoonotik,OM Sarana Bidang Kesehatan,Pemeliharaan Sistim Informasi Surveilans Malaria (SISMAL),Pengelolaan Sistem Informasi Kesehatan
"16,KESEHATAN,Pelayanan Kesehatan Perorangan,Program Pencegahan dan Pengendalian Penyakit,Pencegahan dan Pengendalian Penyakit Menular Langsung,""Norma, Standard, Prosedur dan Kriteria"",NSPK Pencegahan dan Pengendalian P2 TBC,Pengelolaan Pelayanan Kesehatan Orang Terduga Tuberkulosis"
17,KESEHATAN,Pelayanan Kesehatan Perorangan,Program Pencegahan dan Pengendalian Penyakit,Pencegahan dan Pengendalian Penyakit Menular Langsung,Koordinasi,Penguatan Jejaring Skrining HIV pada Darah Donor di 34 Provinsi,Pengelolaan Pelayanan Kesehatan Orang dengan Risiko Terinfeksi HIV
18,KESEHATAN,Pelayanan Kesehatan Perorangan,Program Pencegahan dan Pengendalian Penyakit,Pencegahan dan Pengendalian Penyakit Tular Vektor dan Zoonotik,Sarana Bidang Kesehatan,Alat dan bahan kesehatan pencegahan dan pengendalian penyakit Schistosomiasis,Pengadaan Alat Kesehatan/Alat Penunjang Medik Fasilitas Pelayanan Kesehatan
"19,KESEHATAN,Pelayanan Kesehatan Perorangan,Program Pencegahan dan Pengendalian Penyakit,Pencegahan dan Pengendalian Penyakit Tular Vektor dan Zoonotik,""Norma, Standard, Prosedur dan Kriteria"",NSPK pencegahan dan pengendalian penyakit malaria,Pengelolaan pelayanan kesehatan Malaria"
20,KESEHATAN,Pelayanan Kesehatan Perorangan,,,,,Pengelolaan Pelayanan Kesehatan Penderita Hipertensi
"21,KESEHATAN,Pelayanan Kesehatan Perorangan,Program Pencegahan dan Pengendalian Penyakit,Pencegahan dan Pengendalian Penyakit Tidak Menular,Data dan Informasi Publik,""Media komunikasi, informasi, edukasi pencegahan dan pengendalian penyakit diabetes melitus dan gangguan metabolik"",Pengelolaan Pelayanan Kesehatan Penderita Diabetes Melitus"
23,KESEHATAN,Pelayanan Kesehatan Perorangan,Program Pencegahan dan Pengendalian Penyakit,Dukungan Pelayanan Surveilans dan Laboratorium Kesehatan Masyarakat untuk Pencegahan dan Pengendalian Penyakit,OM Sarana Bidang Kesehatan,Pemeliharaan alat kesehatan,Pengadaan dan Pemeliharaan Alat Kalibrasi 
24,KESEHATAN,Pelayanan Kesehatan Perorangan,Program Pencegahan dan Pengendalian Penyakit,Dukungan Pelayanan Kekarantinaan di Pintu Masuk Negara dan Wilayah,Pelayanan Publik Lainnya,Layanan pengendalian faktor risiko lingkungan,Pengelolaan Pelayanan Kesehatan Lingkungan 
2,KESEHATAN,Pelayanan Kesehatan Perorangan,Program Pencegahan dan Pengendalian Penyakit,Dukungan Pelayanan Kekarantinaan di Pintu Masuk Negara dan Wilayah,Pelayanan Publik Lainnya,Layanan pengendalian faktor risiko penyakit malaria,Pengelolaan Pelayanan Kesehatan bagi Penduduk pada Kondisi Kejadian Luar Biasa (KLB)
2,KESEHATAN,Pelayanan Kesehatan Perorangan,Program Pencegahan dan Pengendalian Penyakit,Dukungan Pelayanan Kekarantinaan di Pintu Masuk Negara dan Wilayah,Pelayanan Publik Lainnya,Layanan pengendalian faktor risiko penyakit DBD,Pengelolaan Pelayanan Kesehatan bagi Penduduk pada Kondisi Kejadian Luar Biasa (KLB)
3,KESEHATAN,Pelayanan Kesehatan Perorangan,Program Pencegahan dan Pengendalian Penyakit,Pencegahan dan Pengendalian Penyakit Menular Langsung,Fasilitasi dan Pembinaan Pemerintah Daerah,Pemantauan Pelaksanaan Program dan Pendampingan Kegiatan P2 Kusta dan Frambusia,Pengelolaan Surveilans Kesehatan
3,KESEHATAN,Pelayanan Kesehatan Perorangan,Program Pencegahan dan Pengendalian Penyakit,Pencegahan dan Pengendalian Penyakit Tular Vektor dan Zoonotik,Fasilitasi dan Pembinaan Pemerintah Daerah,Monev dan Supervisi pengendalian vektor dan binatang pembawa penyakit,Pengelolaan Surveilans Kesehatan
3,KESEHATAN,Pelayanan Kesehatan Perorangan,Program Pencegahan dan Pengendalian Penyakit,Pencegahan dan Pengendalian Penyakit Tular Vektor dan Zoonotik,Fasilitasi dan Pembinaan Pemerintah Daerah,Monitoring Evaluasi dan Supervisi Pencegahan dan Pengendalian Malaria di Papua dan Papua Barat,Pengelolaan Surveilans Kesehatan
3,KESEHATAN,Pelayanan Kesehatan Perorangan,Program Pencegahan dan Pengendalian Penyakit,Pencegahan dan Pengendalian Penyakit Tular Vektor dan Zoonotik,Fasilitasi dan Pembinaan Pemerintah Daerah,Monev dan Supervisi Eliminasi Schistosomiasis,Pengelolaan Surveilans Kesehatan
3,KESEHATAN,Pelayanan Kesehatan Perorangan,Program Pencegahan dan Pengendalian Penyakit,Dukungan Pelayanan Surveilans dan Laboratorium Kesehatan Masyarakat untuk Pencegahan dan Pengendalian Penyakit,Pelayanan Publik Lainnya,Layanan deteksi dini dan respon kejadian penyakit menular langsung,Pengelolaan Surveilans Kesehatan
3,KESEHATAN,Pelayanan Kesehatan Perorangan,Program Pencegahan dan Pengendalian Penyakit,Dukungan Pelayanan Kekarantinaan di Pintu Masuk Negara dan Wilayah,Pelayanan Publik Lainnya,Layanan pengendalian faktor risiko penyakit diare,Pengelolaan Surveilans Kesehatan
3,KESEHATAN,Pelayanan Kesehatan Perorangan,Program Pencegahan dan Pengendalian Penyakit,Dukungan Pelayanan Surveilans dan Laboratorium Kesehatan Masyarakat untuk Pencegahan dan Pengendalian Penyakit,Pelayanan Publik Lainnya,Layanan deteksi dini dan respon kejadian penyakit karena faktor lingkungan,Pengelolaan Surveilans Kesehatan
3,KESEHATAN,Pelayanan Kesehatan Perorangan,Program Pencegahan dan Pengendalian Penyakit,Pencegahan dan Pengendalian Penyakit Tular Vektor dan Zoonotik,Pelayanan Publik Lainnya,Survei Evaluasi Prevalensi Mikrofilaria pasca POPM (Pre TAS) daerah sulit,Pengelolaan Surveilans Kesehatan
3,KESEHATAN,Pelayanan Kesehatan Perorangan,Program Pencegahan dan Pengendalian Penyakit,Pencegahan dan Pengendalian Penyakit Tular Vektor dan Zoonotik,Pelayanan Publik Lainnya,Survei Sentinel Malaria Knowlesi,Pengelolaan Surveilans Kesehatan
3,KESEHATAN,Pelayanan Kesehatan Perorangan,Program Pencegahan dan Pengendalian Penyakit,Pencegahan dan Pengendalian Penyakit Tular Vektor dan Zoonotik,Pelayanan Publik Lainnya,Survei Darah Massal Malaria (angka parasite rate) di daerah sulit,Pengelolaan Surveilans Kesehatan
3,KESEHATAN,Pelayanan Kesehatan Perorangan,Program Pencegahan dan Pengendalian Penyakit,Pencegahan dan Pengendalian Penyakit Menular Langsung,Fasilitasi dan Pembinaan Pemerintah Daerah,Monitoring dan Supervisi Program P2 TBC,Pengelolaan Surveilans Kesehatan
3,KESEHATAN,Pelayanan Kesehatan Perorangan,Program Pencegahan dan Pengendalian Penyakit,Pencegahan dan Pengendalian Penyakit Tular Vektor dan Zoonotik,Pelayanan Publik Lainnya,Surveilans Pencegahan dan Pengendalian Zoonosis,Pengelolaan Surveilans Kesehatan
3,KESEHATAN,Pelayanan Kesehatan Perorangan,Program Pencegahan dan Pengendalian Penyakit,Pencegahan dan Pengendalian Penyakit Menular Langsung,Fasilitasi dan Pembinaan Pemerintah Daerah,Monitoring dan Supervisi Program IMS,Pengelolaan Surveilans Kesehatan
3,KESEHATAN,Pelayanan Kesehatan Perorangan,Program Pencegahan dan Pengendalian Penyakit,Pencegahan dan Pengendalian Penyakit Menular Langsung,Sarana Bidang Kesehatan,RDT Frambusia untuk Evaluasi Endemisitas dan Surveilans Aktif Frambusia,Pengelolaan Surveilans Kesehatan
3,KESEHATAN,Pelayanan Kesehatan Perorangan,Program Pencegahan dan Pengendalian Penyakit,Dukungan Pelayanan Kekarantinaan di Pintu Masuk Negara dan Wilayah,Pelayanan Publik Lainnya,Layanan survei faktor risiko penyakit diare,Pengelolaan Surveilans Kesehatan
3,KESEHATAN,Pelayanan Kesehatan Perorangan,Program Pencegahan dan Pengendalian Penyakit,Dukungan Pelayanan Kekarantinaan di Pintu Masuk Negara dan Wilayah,Pelayanan Publik Lainnya,Layanan penemuan aktif surveilans migrasi malaria katagori 2,Pengelolaan Surveilans Kesehatan
3,KESEHATAN,Pelayanan Kesehatan Perorangan,Program Pencegahan dan Pengendalian Penyakit,Pencegahan dan Pengendalian Penyakit Tular Vektor dan Zoonotik,Fasilitasi dan Pembinaan Pemerintah Daerah,Monitoring Evaluasi dan Supervisi Pencegahan dan Pengendalian Malaria,Pengelolaan Surveilans Kesehatan
3,KESEHATAN,Pelayanan Kesehatan Perorangan,Program Pencegahan dan Pengendalian Penyakit,Surveilans dan Kekarantinaan Kesehatan,Pelayanan Publik Lainnya,Surveilans KIPI di Papua dan Papua Barat,Pengelolaan Surveilans Kesehatan
3,KESEHATAN,Pelayanan Kesehatan Perorangan,Program Pencegahan dan Pengendalian Penyakit,Surveilans dan Kekarantinaan Kesehatan,Fasilitasi dan Pembinaan Pemerintah Daerah,Monitoring dan Supervisi Pencegahan dan Pengendalian Penyakit Infeksi Emerging,Pengelolaan Surveilans Kesehatan
"3,KESEHATAN,Pelayanan Kesehatan Perorangan,Program Pencegahan dan Pengendalian Penyakit,Pencegahan dan Pengendalian Penyakit Menular Langsung,Fasilitasi dan Pembinaan Pemerintah Daerah,""Pendampingan, Supervisi dan Monitoring Evaluasi Program P2 Hepatitis"",Pengelolaan Surveilans Kesehatan"
3,KESEHATAN,Pelayanan Kesehatan Perorangan,Program Pencegahan dan Pengendalian Penyakit,Surveilans dan Kekarantinaan Kesehatan,Fasilitasi dan Pembinaan Pemerintah Daerah,Monitoring dan Supervisi Kegiatan Surveilans dan Karantina Kesehatan di Papua dan Papua Barat,Pengelolaan Surveilans Kesehatan
3,KESEHATAN,Pelayanan Kesehatan Perorangan,Program Pencegahan dan Pengendalian Penyakit,Dukungan Pelayanan Surveilans dan Laboratorium Kesehatan Masyarakat untuk Pencegahan dan Pengendalian Penyakit,Pelayanan Publik Lainnya,Layanan deteksi dini dan respon kejadian penyakit berpotensi wabah,Pengelolaan Surveilans Kesehatan
3,KESEHATAN,Pelayanan Kesehatan Perorangan,Program Pencegahan dan Pengendalian Penyakit,Pencegahan dan Pengendalian Penyakit Tular Vektor dan Zoonotik,Fasilitasi dan Pembinaan Pemerintah Daerah,Monev dan Supervisi Filariasis dan Kecacingan,Pengelolaan Surveilans Kesehatan
3,KESEHATAN,Pelayanan Kesehatan Perorangan,Program Pencegahan dan Pengendalian Penyakit,Surveilans dan Kekarantinaan Kesehatan,Fasilitasi dan Pembinaan Pemerintah Daerah,Monitoring dan Supervisi Pelaksanaan Vaksinasi COVID-19,Pengelolaan Surveilans Kesehatan
"3,KESEHATAN,Pelayanan Kesehatan Perorangan,Program Pencegahan dan Pengendalian Penyakit,Pencegahan dan Pengendalian Penyakit Menular Langsung,Pelayanan Publik Lainnya,""Surveilans Resistensi HIV, IO dan Kormobid dalam Rangka Pemantauan Minum Obat"",Pengelolaan Surveilans Kesehatan"
3,KESEHATAN,Pelayanan Kesehatan Perorangan,Program Pencegahan dan Pengendalian Penyakit,Pencegahan dan Pengendalian Penyakit Tular Vektor dan Zoonotik,Fasilitasi dan Pembinaan Pemerintah Daerah,Monitoring Evaluasi dan Supervisi Surveilans Sentinel DBD dan penyakit Arbovirosis lainnya,Pengelolaan Surveilans Kesehatan
3,KESEHATAN,Pelayanan Kesehatan Perorangan,Program Pencegahan dan Pengendalian Penyakit,Pencegahan dan Pengendalian Penyakit Tular Vektor dan Zoonotik,Pelayanan Publik Lainnya,Penemuan Kasus dan Surveilans Faktor Risiko Malaria Tingkat Provinsi Papua dan Papua Barat,Pengelolaan Surveilans Kesehatan
3,KESEHATAN,Pelayanan Kesehatan Perorangan,Program Pencegahan dan Pengendalian Penyakit,Dukungan Pelayanan Kekarantinaan di Pintu Masuk Negara dan Wilayah,Pelayanan Publik Lainnya,Layanan survei faktor risiko penyakit pes,Pengelolaan Surveilans Kesehatan
3,KESEHATAN,Pelayanan Kesehatan Perorangan,Program Pencegahan dan Pengendalian Penyakit,Pencegahan dan Pengendalian Penyakit Tular Vektor dan Zoonotik,Fasilitasi dan Pembinaan Pemerintah Daerah,Monev dan Supervisi pencegahan dan pengendalian penyakit zoonosis,Pengelolaan Surveilans Kesehatan
3,KESEHATAN,Pelayanan Kesehatan Perorangan,Program Pencegahan dan Pengendalian Penyakit,Dukungan Pelayanan Kekarantinaan di Pintu Masuk Negara dan Wilayah,Pelayanan Publik Lainnya,Layanan penemuan aktif surveilans migrasi malaria,Pengelolaan Surveilans Kesehatan
3,KESEHATAN,Pelayanan Kesehatan Perorangan,Program Pencegahan dan Pengendalian Penyakit,Surveilans dan Kekarantinaan Kesehatan,Pelayanan Publik Lainnya,Surveilans Kejadian Ikutan Pasca Vaksinasi COVID-19,Pengelolaan Surveilans Kesehatan
3,KESEHATAN,Pelayanan Kesehatan Perorangan,Program Pencegahan dan Pengendalian Penyakit,Surveilans dan Kekarantinaan Kesehatan,Pelayanan Publik Lainnya,Surveilans dan Deteksi Dini Penyakit Infeksi Emerging,Pengelolaan Surveilans Kesehatan
3,KESEHATAN,Pelayanan Kesehatan Perorangan,Program Pencegahan dan Pengendalian Penyakit,Pencegahan dan Pengendalian Penyakit Tular Vektor dan Zoonotik,Pelayanan Publik Lainnya,Penemuan Kasus dan Surveilans Faktor Risiko Malaria Tingkat Provinsi,Pengelolaan Surveilans Kesehatan
3,KESEHATAN,Pelayanan Kesehatan Perorangan,Program Pencegahan dan Pengendalian Penyakit,Pencegahan dan Pengendalian Penyakit Menular Langsung,Fasilitasi dan Pembinaan Pemerintah Daerah,Monitoring dan Supervisi Pencegahan dan Pengendalian Penyakit Menular Langsung di Provinsi,Pengelolaan Surveilans Kesehatan
3,KESEHATAN,Pelayanan Kesehatan Perorangan,Program Pencegahan dan Pengendalian Penyakit,Dukungan Pelayanan Kekarantinaan di Pintu Masuk Negara dan Wilayah,Pelayanan Publik Lainnya,Layanan survei faktor risiko penyakit TB,Pengelolaan Surveilans Kesehatan
3,KESEHATAN,Pelayanan Kesehatan Perorangan,Program Pencegahan dan Pengendalian Penyakit,Pencegahan dan Pengendalian Penyakit Tular Vektor dan Zoonotik,Pelayanan Publik Lainnya,Survei Evaluasi Prevalensi Mikrofilaria pasca POPM (Pre TAS) Non sulit,Pengelolaan Surveilans Kesehatan
"3,KESEHATAN,Pelayanan Kesehatan Perorangan,Program Pencegahan dan Pengendalian Penyakit,Dukungan Pelayanan Kekarantinaan di Pintu Masuk Negara dan Wilayah,Pelayanan Publik Lainnya,""layanan pemeriksaan orang, barang, alat angkut"",Pengelolaan Surveilans Kesehatan"
3,KESEHATAN,Pelayanan Kesehatan Perorangan,Program Pencegahan dan Pengendalian Penyakit,Surveilans dan Kekarantinaan Kesehatan,Fasilitasi dan Pembinaan Pemerintah Daerah,Monitoring dan Supervisi Imunisasi,Pengelolaan Surveilans Kesehatan
3,KESEHATAN,Pelayanan Kesehatan Perorangan,Program Pencegahan dan Pengendalian Penyakit,Surveilans dan Kekarantinaan Kesehatan,Fasilitasi dan Pembinaan Pemerintah Daerah,Monitoring dan Supervisi Surveilans dan Respon KLB/Wabah,Pengelolaan Surveilans Kesehatan
3,KESEHATAN,Pelayanan Kesehatan Perorangan,Program Pencegahan dan Pengendalian Penyakit,Dukungan Pelayanan Surveilans dan Laboratorium Kesehatan Masyarakat untuk Pencegahan dan Pengendalian Penyakit,Pelayanan Publik Lainnya,Layanan deteksi dini dan respon penyakit pada situasi khusus,Pengelolaan Surveilans Kesehatan
3,KESEHATAN,Pelayanan Kesehatan Perorangan,Program Pencegahan dan Pengendalian Penyakit,Surveilans dan Kekarantinaan Kesehatan,Fasilitasi dan Pembinaan Pemerintah Daerah,Monitoring dan Supervisi Kekarantinaan Kesehatan,Pengelolaan Surveilans Kesehatan
3,KESEHATAN,Pelayanan Kesehatan Perorangan,Program Pencegahan dan Pengendalian Penyakit,Dukungan Pelayanan Kekarantinaan di Pintu Masuk Negara dan Wilayah,Pelayanan Publik Lainnya,Layanan survei faktor risiko penyakit malaria,Pengelolaan Surveilans Kesehatan
3,KESEHATAN,Pelayanan Kesehatan Perorangan,Program Pencegahan dan Pengendalian Penyakit,Surveilans dan Kekarantinaan Kesehatan,Fasilitasi dan Pembinaan Pemerintah Daerah,Monitoring dan Supervisi Kegiatan Surveilans dan Karantina Kesehatan,Pengelolaan Surveilans Kesehatan
3,KESEHATAN,Pelayanan Kesehatan Perorangan,Program Pencegahan dan Pengendalian Penyakit,Dukungan Pelayanan Surveilans dan Laboratorium Kesehatan Masyarakat untuk Pencegahan dan Pengendalian Penyakit,Pelayanan Publik Lainnya,Layanan deteksi dini dan respon kejadian penyakit tular vektor zoonotik,Pengelolaan Surveilans Kesehatan
3,KESEHATAN,Pelayanan Kesehatan Perorangan,Program Pencegahan dan Pengendalian Penyakit,Surveilans dan Kekarantinaan Kesehatan,Pelayanan Publik Lainnya,Surveilans Kejadian Ikutan Pasca Vaksinasi COVID-19 di Papua dan Papua Barat,Pengelolaan Surveilans Kesehatan
3,KESEHATAN,Pelayanan Kesehatan Perorangan,Program Pencegahan dan Pengendalian Penyakit,Pencegahan dan Pengendalian Penyakit Tular Vektor dan Zoonotik,Pelayanan Publik Lainnya,Survei Darah Massal Malaria (angka parasite rate),Pengelolaan Surveilans Kesehatan
3,KESEHATAN,Pelayanan Kesehatan Perorangan,Program Pencegahan dan Pengendalian Penyakit,Surveilans dan Kekarantinaan Kesehatan,Pelayanan Publik Lainnya,Surveilans dan deteksi dini penyakit potensial KLB/Wabah,Pengelolaan Surveilans Kesehatan
3,KESEHATAN,Pelayanan Kesehatan Perorangan,Program Pencegahan dan Pengendalian Penyakit,Dukungan Pelayanan Kekarantinaan di Pintu Masuk Negara dan Wilayah,Pelayanan Publik Lainnya,Layanan survei faktor risiko penyakit DBD,Pengelolaan Surveilans Kesehatan
3,KESEHATAN,Pelayanan Kesehatan Perorangan,Program Pencegahan dan Pengendalian Penyakit,Pencegahan dan Pengendalian Penyakit Menular Langsung,Fasilitasi dan Pembinaan Pemerintah Daerah,Pemantauan Pelaksanaan Tatalaksana Diare Sesuai Standar,Pengelolaan Surveilans Kesehatan
3,KESEHATAN,Pelayanan Kesehatan Perorangan,Program Pencegahan dan Pengendalian Penyakit,Pencegahan dan Pengendalian Penyakit Tular Vektor dan Zoonotik,Fasilitasi dan Pembinaan Pemerintah Daerah,Monev Bimtek Pencegahan dan Pengendalian Penyakit Tular Vektor dan Zoonotik di Kab/Kota,Pengelolaan Surveilans Kesehatan
4,KESEHATAN,Pelayanan Kesehatan Perorangan,Program Pencegahan dan Pengendalian Penyakit,Pencegahan dan Pengendalian Masalah Kesehatan Jiwa dan NAPZA,Sosialisasi dan Diseminasi,Sosialisasi Pencegahan dan Pengendalian Makeswa dan Napza,Pengelolaan Pelayanan Kesehatan Jiwa dan NAPZA
4,KESEHATAN,Pelayanan Kesehatan Perorangan,Program Pencegahan dan Pengendalian Penyakit,Pencegahan dan Pengendalian Masalah Kesehatan Jiwa dan NAPZA,Fasilitasi dan Pembinaan Pemerintah Daerah,Fasilitasi dan Pembinaan Program P2 Makeswa dan Napza,Pengelolaan Pelayanan Kesehatan Jiwa dan NAPZA
"4,KESEHATAN,Pelayanan Kesehatan Perorangan,Program Pencegahan dan Pengendalian Penyakit,Pencegahan dan Pengendalian Masalah Kesehatan Jiwa dan NAPZA,""Norma, Standard, Prosedur dan Kriteria"",NSPK Pencegahan dan Pengendalian Masalah Kesehatan Jiwa dan Napza,Pengelolaan Pelayanan Kesehatan Jiwa dan NAPZA"
6,KESEHATAN,Pelayanan Kesehatan Perorangan,Program Pencegahan dan Pengendalian Penyakit,Pencegahan dan Pengendalian Penyakit Tular Vektor dan Zoonotik,Pelayanan Publik Lainnya,IRS/Indoor Residual Spraying (Penyemprotan insektisida pada dinding rumah) di daerah sulit kategori I,Pengelolaan Pelayanan Kesehatan Penyakit Menular dan Tidak Menular 
6,KESEHATAN,Pelayanan Kesehatan Perorangan,Program Pencegahan dan Pengendalian Penyakit,Pencegahan dan Pengendalian Penyakit Tular Vektor dan Zoonotik,Pelayanan Publik Lainnya,IRS/Indoor Residual Spraying (Penyemprotan insektisida pada dinding rumah),Pengelolaan Pelayanan Kesehatan Penyakit Menular dan Tidak Menular 
6,KESEHATAN,Pelayanan Kesehatan Perorangan,Program Pencegahan dan Pengendalian Penyakit,Pencegahan dan Pengendalian Penyakit Tidak Menular,Fasilitasi dan Pembinaan Pemerintah Daerah,Monev Supervisi pencegahan dan pengendalian penyakit jantung dan pembuluh darah,Pengelolaan Pelayanan Kesehatan Penyakit Menular dan Tidak Menular 
6,KESEHATAN,Pelayanan Kesehatan Perorangan,Program Pencegahan dan Pengendalian Penyakit,Pencegahan dan Pengendalian Penyakit Menular Langsung,Pelayanan Publik Lainnya,Skrining dan Deteksi Dini Pada Kelompok Berisiko Terinfeksi Frambusia,Pengelolaan Pelayanan Kesehatan Penyakit Menular dan Tidak Menular 
"6,KESEHATAN,Pelayanan Kesehatan Perorangan,Program Pencegahan dan Pengendalian Penyakit,Surveilans dan Kekarantinaan Kesehatan,Data dan Informasi Publik,""Media Komunikasi, Informasi, Edukasi Pencegahan dan Pengendalian Penyakit Infeksi Emerging"",Pengelolaan Pelayanan Kesehatan Penyakit Menular dan Tidak Menular "
6,KESEHATAN,Pelayanan Kesehatan Perorangan,Program Pencegahan dan Pengendalian Penyakit,Pencegahan dan Pengendalian Penyakit Tidak Menular,Sosialisasi dan Diseminasi,Sosialisasi pencegahan dan pengendalian penyakit kanker dan kelainan darah,Pengelolaan Pelayanan Kesehatan Penyakit Menular dan Tidak Menular 
6,KESEHATAN,Pelayanan Kesehatan Perorangan,Program Pencegahan dan Pengendalian Penyakit,Pencegahan dan Pengendalian Penyakit Menular Langsung,Data dan Informasi Publik,Media KIE P2 IMS,Pengelolaan Pelayanan Kesehatan Penyakit Menular dan Tidak Menular 
"6,KESEHATAN,Pelayanan Kesehatan Perorangan,Program Pencegahan dan Pengendalian Penyakit,Surveilans dan Kekarantinaan Kesehatan,""Norma, Standard, Prosedur dan Kriteria"",NSPK kekarantinaan kesehatan,Pengelolaan Pelayanan Kesehatan Penyakit Menular dan Tidak Menular "
"6,KESEHATAN,Pelayanan Kesehatan Perorangan,Program Pencegahan dan Pengendalian Penyakit,Pencegahan dan Pengendalian Penyakit Tular Vektor dan Zoonotik,""Norma, Standard, Prosedur dan Kriteria"",NSPK Pengendalian Vektor dan Binatang Pembawa Penyakit,Pengelolaan Pelayanan Kesehatan Penyakit Menular dan Tidak Menular "
6,KESEHATAN,Pelayanan Kesehatan Perorangan,Program Pencegahan dan Pengendalian Penyakit,Surveilans dan Kekarantinaan Kesehatan,Pelayanan Publik Lainnya,Penyelidikan epidemiologi/investigasi KLB/wabah penyakit infeksi emerging,Pengelolaan Pelayanan Kesehatan Penyakit Menular dan Tidak Menular 
6,KESEHATAN,Pelayanan Kesehatan Perorangan,Program Pencegahan dan Pengendalian Penyakit,Pencegahan dan Pengendalian Penyakit Tidak Menular,Pelayanan Publik kepada masyarakat,Deteksi Dini Faktor Risiko Penyakit Tidak Menular Prioritas,Pengelolaan Pelayanan Kesehatan Penyakit Menular dan Tidak Menular 
"6,KESEHATAN,Pelayanan Kesehatan Perorangan,Program Pencegahan dan Pengendalian Penyakit,Pencegahan dan Pengendalian Penyakit Tidak Menular,""Norma, Standard, Prosedur dan Kriteria"",NSPK deteksi dini gangguan indera,Pengelolaan Pelayanan Kesehatan Penyakit Menular dan Tidak Menular "
"6,KESEHATAN,Pelayanan Kesehatan Perorangan,Program Pencegahan dan Pengendalian Penyakit,Pencegahan dan Pengendalian Penyakit Tular Vektor dan Zoonotik,Data dan Informasi Publik,""Media Komunikasi, Informasi, Edukasi Pengendalian Vektor dan Binatang Pembawa Penyakit"",Pengelolaan Pelayanan Kesehatan Penyakit Menular dan Tidak Menular "
6,KESEHATAN,Pelayanan Kesehatan Perorangan,Program Pencegahan dan Pengendalian Penyakit,Pencegahan dan Pengendalian Penyakit Tidak Menular,Pelayanan Publik kepada masyarakat,Deteksi Dini Talasemia,Pengelolaan Pelayanan Kesehatan Penyakit Menular dan Tidak Menular 
"6,KESEHATAN,Pelayanan Kesehatan Perorangan,Program Pencegahan dan Pengendalian Penyakit,Pencegahan dan Pengendalian Penyakit Menular Langsung,""Norma, Standard, Prosedur dan Kriteria"",NSPK P2 ISPA,Pengelolaan Pelayanan Kesehatan Penyakit Menular dan Tidak Menular "
6,KESEHATAN,Pelayanan Kesehatan Perorangan,Program Pencegahan dan Pengendalian Penyakit,Surveilans dan Kekarantinaan Kesehatan,Pelayanan Publik Lainnya,Penyelidikan epidemiologi/investigasi penyakit potensial KLB/wabah,Pengelolaan Pelayanan Kesehatan Penyakit Menular dan Tidak Menular 
"6,KESEHATAN,Pelayanan Kesehatan Perorangan,Program Pencegahan dan Pengendalian Penyakit,Pencegahan dan Pengendalian Penyakit Menular Langsung,""Norma, Standard, Prosedur dan Kriteria"",NSPK P2 Diare dan Penyakit Infeksi Saluran Pencernaan Lainnya,Pengelolaan Pelayanan Kesehatan Penyakit Menular dan Tidak Menular "
"6,KESEHATAN,Pelayanan Kesehatan Perorangan,Program Pencegahan dan Pengendalian Penyakit,Pencegahan dan Pengendalian Penyakit Tular Vektor dan Zoonotik,Data dan Informasi Publik,""Media komunikasi, informasi, edukasi pencegahan dan pengendalian penyakit Filariasis dan Kecacingan"",Pengelolaan Pelayanan Kesehatan Penyakit Menular dan Tidak Menular "
6,KESEHATAN,Pelayanan Kesehatan Perorangan,Program Pencegahan dan Pengendalian Penyakit,Pencegahan dan Pengendalian Penyakit Tular Vektor dan Zoonotik,Pelayanan Publik Lainnya,Layanan Pengendalian Penyakit Zoonosis di Kab/Kota,Pengelolaan Pelayanan Kesehatan Penyakit Menular dan Tidak Menular 
6,KESEHATAN,Pelayanan Kesehatan Perorangan,Program Pencegahan dan Pengendalian Penyakit,Pencegahan dan Pengendalian Penyakit Menular Langsung,Data dan Informasi Publik,Media KIE P2 Frambusia,Pengelolaan Pelayanan Kesehatan Penyakit Menular dan Tidak Menular 
6,KESEHATAN,Pelayanan Kesehatan Perorangan,Program Pencegahan dan Pengendalian Penyakit,Pencegahan dan Pengendalian Penyakit Menular Langsung,Sosialisasi dan Diseminasi,Sosialisasi P2 Penyakit Kusta dan Frambusia,Pengelolaan Pelayanan Kesehatan Penyakit Menular dan Tidak Menular 
6,KESEHATAN,Pelayanan Kesehatan Perorangan,Program Pencegahan dan Pengendalian Penyakit,Pencegahan dan Pengendalian Penyakit Menular Langsung,Sosialisasi dan Diseminasi,Sosialisasi Hepatitis kepada Masyarakat dan Tenaga Kesehatan,Pengelolaan Pelayanan Kesehatan Penyakit Menular dan Tidak Menular 
6,KESEHATAN,Pelayanan Kesehatan Perorangan,Program Pencegahan dan Pengendalian Penyakit,Pencegahan dan Pengendalian Penyakit Tular Vektor dan Zoonotik,Pelayanan Publik Lainnya,IRS/Indoor Residual Spraying (Penyemprotan insektisida pada dinding rumah) di daerah sulit katagori II (Provinsi Papua dan Papua Barat),Pengelolaan Pelayanan Kesehatan Penyakit Menular dan Tidak Menular 
6,KESEHATAN,Pelayanan Kesehatan Perorangan,Program Pencegahan dan Pengendalian Penyakit,Surveilans dan Kekarantinaan Kesehatan,Sosialisasi dan Diseminasi,Sosialisasi pencegahan dan pengendalian penyakit potensial KLB / Wabah,Pengelolaan Pelayanan Kesehatan Penyakit Menular dan Tidak Menular 
"6,KESEHATAN,Pelayanan Kesehatan Perorangan,Program Pencegahan dan Pengendalian Penyakit,Pencegahan dan Pengendalian Penyakit Tidak Menular,Data dan Informasi Publik,""Media Komunikasi, Informasi, Edukasi Kawasan Tanpa Rokok"",Pengelolaan Pelayanan Kesehatan Penyakit Menular dan Tidak Menular "
"6,KESEHATAN,Pelayanan Kesehatan Perorangan,Program Pencegahan dan Pengendalian Penyakit,Pencegahan dan Pengendalian Penyakit Tidak Menular,Data dan Informasi Publik,""Media komunikasi, informasi, edukasi pencegahan dan pengendalian penyakit kanker dan kelainan darah"",Pengelolaan Pelayanan Kesehatan Penyakit Menular dan Tidak Menular "
6,KESEHATAN,Pelayanan Kesehatan Perorangan,Program Pencegahan dan Pengendalian Penyakit,Pencegahan dan Pengendalian Penyakit Tidak Menular,Sosialisasi dan Diseminasi,Sosialisasi pencegahan dan pengendalian penyakit jantung dan pembuluh darah,Pengelolaan Pelayanan Kesehatan Penyakit Menular dan Tidak Menular 
6,KESEHATAN,Pelayanan Kesehatan Perorangan,Program Pencegahan dan Pengendalian Penyakit,Pencegahan dan Pengendalian Penyakit Menular Langsung,Data dan Informasi Publik,Media KIE P2 Hepatitis,Pengelolaan Pelayanan Kesehatan Penyakit Menular dan Tidak Menular 
6,KESEHATAN,Pelayanan Kesehatan Perorangan,Program Pencegahan dan Pengendalian Penyakit,Surveilans dan Kekarantinaan Kesehatan,Pelayanan Publik Lainnya,Rencana Kontinjensi dan Simulasi Kedaruratan Kesehatan Masyarakat (KKM),Pengelolaan Pelayanan Kesehatan Penyakit Menular dan Tidak Menular 
6,KESEHATAN,Pelayanan Kesehatan Perorangan,Program Pencegahan dan Pengendalian Penyakit,Pencegahan dan Pengendalian Penyakit Menular Langsung,Data dan Informasi Publik,Media KIE P2 Diare dan Penyakit Infeksi Saluran Pencernaan Lainnya,Pengelolaan Pelayanan Kesehatan Penyakit Menular dan Tidak Menular 
6,KESEHATAN,Pelayanan Kesehatan Perorangan,Program Pencegahan dan Pengendalian Penyakit,Pencegahan dan Pengendalian Penyakit Menular Langsung,Data dan Informasi Publik,Media KIE P2 Kusta,Pengelolaan Pelayanan Kesehatan Penyakit Menular dan Tidak Menular 
"6,KESEHATAN,Pelayanan Kesehatan Perorangan,Program Pencegahan dan Pengendalian Penyakit,Surveilans dan Kekarantinaan Kesehatan,Data dan Informasi Publik,""Media komunikasi, informasi, edukasi imunisasi"",Pengelolaan Pelayanan Kesehatan Penyakit Menular dan Tidak Menular "
"6,KESEHATAN,Pelayanan Kesehatan Perorangan,Program Pencegahan dan Pengendalian Penyakit,Pencegahan dan Pengendalian Penyakit Menular Langsung,Data dan Informasi Publik,""Media KIE untuk Masyarakat Berupa Buku Saku, Lembar Balik dan ILM"",Pengelolaan Pelayanan Kesehatan Penyakit Menular dan Tidak Menular "
6,KESEHATAN,Pelayanan Kesehatan Perorangan,Program Pencegahan dan Pengendalian Penyakit,Surveilans dan Kekarantinaan Kesehatan,Sosialisasi dan Diseminasi,Sosialisasi dalan Rangka Pelaksanaan Vaksinasi COVID-19,Pengelolaan Pelayanan Kesehatan Penyakit Menular dan Tidak Menular 
"6,KESEHATAN,Pelayanan Kesehatan Perorangan,Program Pencegahan dan Pengendalian Penyakit,Pencegahan dan Pengendalian Penyakit Tidak Menular,""Norma, Standard, Prosedur dan Kriteria"",NSPK pencegahan dan pengendalian penyakit jantung dan pembuluh darah,Pengelolaan Pelayanan Kesehatan Penyakit Menular dan Tidak Menular "
"6,KESEHATAN,Pelayanan Kesehatan Perorangan,Program Pencegahan dan Pengendalian Penyakit,Pencegahan dan Pengendalian Penyakit Tular Vektor dan Zoonotik,Data dan Informasi Publik,""Media komunikasi, informasi, edukasi pencegahan dan pengendalian penyakit zoonosis"",Pengelolaan Pelayanan Kesehatan Penyakit Menular dan Tidak Menular "
6,KESEHATAN,Pelayanan Kesehatan Perorangan,Program Pencegahan dan Pengendalian Penyakit,Pencegahan dan Pengendalian Penyakit Tidak Menular,Sosialisasi dan Diseminasi,Sosialisasi Pelaksanaan Layanan Kawasan Tanpa Rokok,Pengelolaan Pelayanan Kesehatan Penyakit Menular dan Tidak Menular 
"6,KESEHATAN,Pelayanan Kesehatan Perorangan,Program Pencegahan dan Pengendalian Penyakit,Surveilans dan Kekarantinaan Kesehatan,""Norma, Standard, Prosedur dan Kriteria"",NSPK Imunisasi,Pengelolaan Pelayanan Kesehatan Penyakit Menular dan Tidak Menular "
6,KESEHATAN,Pelayanan Kesehatan Perorangan,Program Pencegahan dan Pengendalian Penyakit,Pencegahan dan Pengendalian Penyakit Menular Langsung,Fasilitasi dan Pembinaan Pemerintah Daerah,Assesment Pelaksanaan Program P2 ISPA di Daerah,Pengelolaan Pelayanan Kesehatan Penyakit Menular dan Tidak Menular 
6,KESEHATAN,Pelayanan Kesehatan Perorangan,Program Pencegahan dan Pengendalian Penyakit,Pencegahan dan Pengendalian Penyakit Tular Vektor dan Zoonotik,Pelayanan Publik Lainnya,Penyemprotan fokus keong schistosomiasis,Pengelolaan Pelayanan Kesehatan Penyakit Menular dan Tidak Menular 
"6,KESEHATAN,Pelayanan Kesehatan Perorangan,Program Pencegahan dan Pengendalian Penyakit,Surveilans dan Kekarantinaan Kesehatan,""Norma, Standard, Prosedur dan Kriteria"",NSPK Pencegahan dan Pengendalian Penyakit Infeksi Emerging,Pengelolaan Pelayanan Kesehatan Penyakit Menular dan Tidak Menular "
6,KESEHATAN,Pelayanan Kesehatan Perorangan,Program Pencegahan dan Pengendalian Penyakit,Pencegahan dan Pengendalian Penyakit Menular Langsung,Data dan Informasi Publik,Media KIE P2 ISPA,Pengelolaan Pelayanan Kesehatan Penyakit Menular dan Tidak Menular 
6,KESEHATAN,Pelayanan Kesehatan Perorangan,Program Pencegahan dan Pengendalian Penyakit,Surveilans dan Kekarantinaan Kesehatan,Sosialisasi dan Diseminasi,Sosialisasi dalan Rangka Pelaksanaan Vaksinasi COVID-19 di Papua dan Papua Barat,Pengelolaan Pelayanan Kesehatan Penyakit Menular dan Tidak Menular 
"6,KESEHATAN,Pelayanan Kesehatan Perorangan,Program Pencegahan dan Pengendalian Penyakit,Surveilans dan Kekarantinaan Kesehatan,Data dan Informasi Publik,""Media komunikasi, informasi, edukasi penegahan dan pengendalian penyakit potensial KLB / Wabah"",Pengelolaan Pelayanan Kesehatan Penyakit Menular dan Tidak Menular "
"6,KESEHATAN,Pelayanan Kesehatan Perorangan,Program Pencegahan dan Pengendalian Penyakit,Surveilans dan Kekarantinaan Kesehatan,Data dan Informasi Publik,""Media komunikasi, informasi, edukasi vaksinasi COVID-19"",Pengelolaan Pelayanan Kesehatan Penyakit Menular dan Tidak Menular "
6,KESEHATAN,Pelayanan Kesehatan Perorangan,Program Pencegahan dan Pengendalian Penyakit,Pencegahan dan Pengendalian Penyakit Tular Vektor dan Zoonotik,Data dan Informasi Publik,Media KIE DBD dan penyakit Arbovirosis lainnya,Pengelolaan Pelayanan Kesehatan Penyakit Menular dan Tidak Menular 
"6,KESEHATAN,Pelayanan Kesehatan Perorangan,Program Pencegahan dan Pengendalian Penyakit,Pencegahan dan Pengendalian Penyakit Tidak Menular,Data dan Informasi Publik,""Media komunikasi, informasi, edukasi pencegahan dan pengendalian gangguan indera dan fungsional"",Pengelolaan Pelayanan Kesehatan Penyakit Menular dan Tidak Menular "
6,KESEHATAN,Pelayanan Kesehatan Perorangan,Program Pencegahan dan Pengendalian Penyakit,Pencegahan dan Pengendalian Penyakit Menular Langsung,Sosialisasi dan Diseminasi,Sosialisasi Pencegahan dan Pengendalian Penyakit IMS,Pengelolaan Pelayanan Kesehatan Penyakit Menular dan Tidak Menular 
"6,KESEHATAN,Pelayanan Kesehatan Perorangan,Program Pencegahan dan Pengendalian Penyakit,Surveilans dan Kekarantinaan Kesehatan,Data dan Informasi Publik,""Media komunikasi, informasi, edukasi kekarantinaan kesehatan"",Pengelolaan Pelayanan Kesehatan Penyakit Menular dan Tidak Menular "
"6,KESEHATAN,Pelayanan Kesehatan Perorangan,Program Pencegahan dan Pengendalian Penyakit,Pencegahan dan Pengendalian Penyakit Tular Vektor dan Zoonotik,""Norma, Standard, Prosedur dan Kriteria"",NSPK pencegahan dan pengendalian penyakit arbovirosis,Pengelolaan Pelayanan Kesehatan Penyakit Menular dan Tidak Menular "
6,KESEHATAN,Pelayanan Kesehatan Perorangan,Program Pencegahan dan Pengendalian Penyakit,Pencegahan dan Pengendalian Penyakit Menular Langsung,Sosialisasi dan Diseminasi,Sosialisasi P2 Penyakit ISPA,Pengelolaan Pelayanan Kesehatan Penyakit Menular dan Tidak Menular 
6,KESEHATAN,Pelayanan Kesehatan Perorangan,Program Pencegahan dan Pengendalian Penyakit,Pencegahan dan Pengendalian Penyakit Tular Vektor dan Zoonotik,Pelayanan Publik Lainnya,Pengendalian Vektor Perbaikan Lingkungan,Pengelolaan Pelayanan Kesehatan Penyakit Menular dan Tidak Menular 
6,KESEHATAN,Pelayanan Kesehatan Perorangan,Program Pencegahan dan Pengendalian Penyakit,Pencegahan dan Pengendalian Penyakit Tular Vektor dan Zoonotik,Pelayanan Publik Lainnya,Surveilans dan penanggulangan schistosomiasis didaerah endemis,Pengelolaan Pelayanan Kesehatan Penyakit Menular dan Tidak Menular 
6,KESEHATAN,Pelayanan Kesehatan Perorangan,Program Pencegahan dan Pengendalian Penyakit,Surveilans dan Kekarantinaan Kesehatan,Sosialisasi dan Diseminasi,Sosialisasi pelaksanaan imunisasi di Papua dan Papua Barat,Pengelolaan Pelayanan Kesehatan Penyakit Menular dan Tidak Menular 
6,KESEHATAN,Pelayanan Kesehatan Perorangan,Program Pencegahan dan Pengendalian Penyakit,Surveilans dan Kekarantinaan Kesehatan,Sosialisasi dan Diseminasi,Sosialisasi pelaksanaan imunisasi,Pengelolaan Pelayanan Kesehatan Penyakit Menular dan Tidak Menular 
6,KESEHATAN,Pelayanan Kesehatan Perorangan,Program Pencegahan dan Pengendalian Penyakit,Pencegahan dan Pengendalian Penyakit Menular Langsung,Pelayanan Publik Lainnya,Layanan Transportasi Spesimen Viral Load dan EID,Pengelolaan Pelayanan Kesehatan Penyakit Menular dan Tidak Menular 
6,KESEHATAN,Pelayanan Kesehatan Perorangan,Program Pencegahan dan Pengendalian Penyakit,Surveilans dan Kekarantinaan Kesehatan,Sosialisasi dan Diseminasi,Sosialisasi Pencegahan dan Pengendalian Penyakit Infeksi Emerging,Pengelolaan Pelayanan Kesehatan Penyakit Menular dan Tidak Menular 
"6,KESEHATAN,Pelayanan Kesehatan Perorangan,Program Pencegahan dan Pengendalian Penyakit,Pencegahan dan Pengendalian Penyakit Tular Vektor dan Zoonotik,""Norma, Standard, Prosedur dan Kriteria"",NSPK pencegahan dan pengendalian penyakit zoonosis,Pengelolaan Pelayanan Kesehatan Penyakit Menular dan Tidak Menular "
"6,KESEHATAN,Pelayanan Kesehatan Perorangan,Program Pencegahan dan Pengendalian Penyakit,Pencegahan dan Pengendalian Penyakit Tular Vektor dan Zoonotik,""Norma, Standard, Prosedur dan Kriteria"",NSPK pencegahan dan pengendalian penyakit Filariasis dan Kecacingan,Pengelolaan Pelayanan Kesehatan Penyakit Menular dan Tidak Menular "
6,KESEHATAN,Pelayanan Kesehatan Perorangan,Program Pencegahan dan Pengendalian Penyakit,Pencegahan dan Pengendalian Penyakit Tular Vektor dan Zoonotik,Pelayanan Publik Lainnya,Surveilans dan deteksi dini penyakit Filariasis dan Kecacingan,Pengelolaan Pelayanan Kesehatan Penyakit Menular dan Tidak Menular 
6,KESEHATAN,Pelayanan Kesehatan Perorangan,Program Pencegahan dan Pengendalian Penyakit,Pencegahan dan Pengendalian Penyakit Tidak Menular,Fasilitasi dan Pembinaan Pemerintah Daerah,Monev Supervisi Implementasi Kawasan Tanpa Rokok,Pengelolaan Pelayanan Kesehatan Penyakit Menular dan Tidak Menular 
"6,KESEHATAN,Pelayanan Kesehatan Perorangan,Program Pencegahan dan Pengendalian Penyakit,Pencegahan dan Pengendalian Penyakit Tidak Menular,Data dan Informasi Publik,""Media komunikasi, informasi, edukasi pencegahan dan pengendalian penyakit jantung dan pembuluh darah"",Pengelolaan Pelayanan Kesehatan Penyakit Menular dan Tidak Menular "
6,KESEHATAN,Pelayanan Kesehatan Perorangan,Program Pencegahan dan Pengendalian Penyakit,Surveilans dan Kekarantinaan Kesehatan,Sosialisasi dan Diseminasi,Sosialisasi pelaksanaan kekarantinaan kesehatan,Pengelolaan Pelayanan Kesehatan Penyakit Menular dan Tidak Menular 
6,KESEHATAN,Pelayanan Kesehatan Perorangan,Program Pencegahan dan Pengendalian Penyakit,Pencegahan dan Pengendalian Penyakit Tidak Menular,Pelayanan Publik Lainnya,Deteksi Dini Faktor Risiko Penyakit Tidak Menular,Pengelolaan Pelayanan Kesehatan Penyakit Menular dan Tidak Menular 
"6,KESEHATAN,Pelayanan Kesehatan Perorangan,Program Pencegahan dan Pengendalian Penyakit,Pencegahan dan Pengendalian Penyakit Tidak Menular,""Norma, Standard, Prosedur dan Kriteria"",NSPK pencegahan dan pengendalian penyakit kanker dan kelainan darah,Pengelolaan Pelayanan Kesehatan Penyakit Menular dan Tidak Menular "
6,KESEHATAN,Pelayanan Kesehatan Perorangan,Program Pencegahan dan Pengendalian Penyakit,Pencegahan dan Pengendalian Penyakit Tidak Menular,Fasilitasi dan Pembinaan Pemerintah Daerah,Monev Supervisi pencegahan dan pengendalian gangguan indera dan fungsional,Pengelolaan Pelayanan Kesehatan Penyakit Menular dan Tidak Menular 
6,KESEHATAN,Pelayanan Kesehatan Perorangan,Program Pencegahan dan Pengendalian Penyakit,Pencegahan dan Pengendalian Penyakit Tidak Menular,Sosialisasi dan Diseminasi,Sosialisasi pencegahan dan pengendalian gangguan indera dan fungsional,Pengelolaan Pelayanan Kesehatan Penyakit Menular dan Tidak Menular 
"6,KESEHATAN,Pelayanan Kesehatan Perorangan,Program Pencegahan dan Pengendalian Penyakit,Surveilans dan Kekarantinaan Kesehatan,""Norma, Standard, Prosedur dan Kriteria"",NSPK pencegahan dan pengendalian penyakit potensial KLB / Wabah,Pengelolaan Pelayanan Kesehatan Penyakit Menular dan Tidak Menular "
6,KESEHATAN,Pelayanan Kesehatan Perorangan,Program Pencegahan dan Pengendalian Penyakit,Pencegahan dan Pengendalian Penyakit Menular Langsung,Pelayanan Publik Lainnya,Skrining dan Deteksi Dini pada Kelompok Berisiko Terinfeksi Kusta,Pengelolaan Pelayanan Kesehatan Penyakit Menular dan Tidak Menular 
"6,KESEHATAN,Pelayanan Kesehatan Perorangan,Program Pencegahan dan Pengendalian Penyakit,Pencegahan dan Pengendalian Penyakit Tular Vektor dan Zoonotik,Data dan Informasi Publik,""Media komunikasi, informasi, edukasi pencegahan dan pengendalian penyakit Filariasis dan Kecacingan Papua Papua Barat"",Pengelolaan Pelayanan Kesehatan Penyakit Menular dan Tidak Menular "
6,KESEHATAN,Pelayanan Kesehatan Perorangan,Program Pencegahan dan Pengendalian Penyakit,Pencegahan dan Pengendalian Penyakit Tidak Menular,Pelayanan Publik kepada masyarakat,Deteksi dini gangguan indera,Pengelolaan Pelayanan Kesehatan Penyakit Menular dan Tidak Menular 
6,KESEHATAN,Pelayanan Kesehatan Perorangan,Program Pencegahan dan Pengendalian Penyakit,Pencegahan dan Pengendalian Penyakit Tidak Menular,Fasilitasi dan Pembinaan Pemerintah Daerah,Monev Supervisi Pencegahan dan Pengendalian Penyakit Tidak Menular oleh Provinsi,Pengelolaan Pelayanan Kesehatan Penyakit Menular dan Tidak Menular 
6,KESEHATAN,Pelayanan Kesehatan Perorangan,Program Pencegahan dan Pengendalian Penyakit,Pencegahan dan Pengendalian Penyakit Menular Langsung,Pelayanan Publik Lainnya,Skrining dan Deteksi Dini pada Kelompok Berisiko Tertular Hepatitis,Pengelolaan Pelayanan Kesehatan Penyakit Menular dan Tidak Menular 
6,KESEHATAN,Pelayanan Kesehatan Perorangan,Program Pencegahan dan Pengendalian Penyakit,Pencegahan dan Pengendalian Penyakit Tidak Menular,Fasilitasi dan Pembinaan Pemerintah Daerah,Monev Supervisi Pencegahan dan Pengendalian Penyakit Kanker dan Kelainan Darah,Pengelolaan Pelayanan Kesehatan Penyakit Menular dan Tidak Menular 
"6,KESEHATAN,Pelayanan Kesehatan Perorangan,Program Pencegahan dan Pengendalian Penyakit,Pencegahan dan Pengendalian Penyakit Tidak Menular,""Norma, Standard, Prosedur dan Kriteria"",NSPK Layanan Upaya Berhenti Merokok,Pengelolaan Pelayanan Kesehatan Penyakit Menular dan Tidak Menular "
"6,KESEHATAN,Pelayanan Kesehatan Perorangan,Program Pencegahan dan Pengendalian Penyakit,Pencegahan dan Pengendalian Penyakit Tidak Menular,Data dan Informasi Publik,""Media komunikasi, informasi, edukasi Layanan Upaya Berhenti Merokok"",Pengelolaan Pelayanan Kesehatan Penyakit Menular dan Tidak Menular "
"6,KESEHATAN,Pelayanan Kesehatan Perorangan,Program Pencegahan dan Pengendalian Penyakit,Pencegahan dan Pengendalian Penyakit Menular Langsung,""Norma, Standard, Prosedur dan Kriteria"",NSPK Pencegahan dan Pengendalian Penyakit IMS,Pengelolaan Pelayanan Kesehatan Penyakit Menular dan Tidak Menular "
"6,KESEHATAN,Pelayanan Kesehatan Perorangan,Program Pencegahan dan Pengendalian Penyakit,Pencegahan dan Pengendalian Penyakit Tular Vektor dan Zoonotik,Data dan Informasi Publik,""Media komunikasi, informasi, edukasi pencegahan dan pengendalian penyakit Schistosomiasis"",Pengelolaan Pelayanan Kesehatan Penyakit Menular dan Tidak Menular "
7,KESEHATAN,Pelayanan Kesehatan Perorangan,Program Pencegahan dan Pengendalian Penyakit,Pencegahan dan Pengendalian Penyakit Tidak Menular,Pelayanan Publik kepada masyarakat,Layanan konseling upaya berhenti merokok,Pelayanan Kesehatan Penyakit Menular dan Tidak Menular
7,KESEHATAN,Pelayanan Kesehatan Perorangan,Program Pencegahan dan Pengendalian Penyakit,Pencegahan dan Pengendalian Penyakit Menular Langsung,Pelatihan Bidang Kesehatan,Workshop Pencegahan dan Pengendalian Penyakit ISPA,Pelayanan Kesehatan Penyakit Menular dan Tidak Menular
7,KESEHATAN,Pelayanan Kesehatan Perorangan,Program Pencegahan dan Pengendalian Penyakit,Pencegahan dan Pengendalian Penyakit Menular Langsung,Pelatihan Bidang Kesehatan,Workshop Pengelola Program dalam Penggunaan Aplikasi SIHA 2.0,Pelayanan Kesehatan Penyakit Menular dan Tidak Menular
7,KESEHATAN,Pelayanan Kesehatan Perorangan,Program Pencegahan dan Pengendalian Penyakit,Surveilans dan Kekarantinaan Kesehatan,Pelayanan Publik Lainnya,Respon Kedaruratan Kesehatan Masyarakat,Pelayanan Kesehatan Penyakit Menular dan Tidak Menular
7,KESEHATAN,Pelayanan Kesehatan Perorangan,Program Pencegahan dan Pengendalian Penyakit,Surveilans dan Kekarantinaan Kesehatan,Pelayanan Publik Lainnya,Pelaksanaan Imunisasi di Daerah Sulit,Pelayanan Kesehatan Penyakit Menular dan Tidak Menular
7,KESEHATAN,Pelayanan Kesehatan Perorangan,Program Pencegahan dan Pengendalian Penyakit,Pencegahan dan Pengendalian Penyakit Menular Langsung,Pelatihan Bidang Kesehatan,Workshop P2 Diare dan Penyakit Infeksi Saluran Pencernaan Lainnya di Provinsi,Pelayanan Kesehatan Penyakit Menular dan Tidak Menular
7,KESEHATAN,Pelayanan Kesehatan Perorangan,Program Pencegahan dan Pengendalian Penyakit,Pencegahan dan Pengendalian Penyakit Tular Vektor dan Zoonotik,Pelayanan Publik Lainnya,Pelaksanaan POPM Filariasis dan Kecacingan di Papua dan Papua Barat,Pelayanan Kesehatan Penyakit Menular dan Tidak Menular
7,KESEHATAN,Pelayanan Kesehatan Perorangan,Program Pencegahan dan Pengendalian Penyakit,Pencegahan dan Pengendalian Penyakit Menular Langsung,Pelatihan Bidang Kesehatan,Workshop P2 Hepatitis Bagi Tenaga Kesehatan,Pelayanan Kesehatan Penyakit Menular dan Tidak Menular
7,KESEHATAN,Pelayanan Kesehatan Perorangan,Program Pencegahan dan Pengendalian Penyakit,Pencegahan dan Pengendalian Penyakit Menular Langsung,Pelatihan Bidang Kesehatan,Workshop P2 Kusta dan Frambusia Bagi Tenaga Kesehatan,Pelayanan Kesehatan Penyakit Menular dan Tidak Menular
7,KESEHATAN,Pelayanan Kesehatan Perorangan,Program Pencegahan dan Pengendalian Penyakit,Pencegahan dan Pengendalian Penyakit Menular Langsung,Pelatihan Bidang Kesehatan,Workshop P2 Diare dan Penyakit Infeksi Saluran Pencernaan Lainnya,Pelayanan Kesehatan Penyakit Menular dan Tidak Menular
7,KESEHATAN,Pelayanan Kesehatan Perorangan,Program Pencegahan dan Pengendalian Penyakit,Pencegahan dan Pengendalian Penyakit Menular Langsung,Pelayanan Publik Lainnya,Respon Cepat KLB Penyakit Diare dan Penyakit Infeksi Saluran Pencernaan Lainnya yang Berpotensi KLB,Pelayanan Kesehatan Penyakit Menular dan Tidak Menular
7,KESEHATAN,Pelayanan Kesehatan Perorangan,Program Pencegahan dan Pengendalian Penyakit,Pencegahan dan Pengendalian Penyakit Tular Vektor dan Zoonotik,Pelayanan Publik Lainnya,Pelaksanaan POPM Filariasis dan Kecacingan,Pelayanan Kesehatan Penyakit Menular dan Tidak Menular
7,KESEHATAN,Pelayanan Kesehatan Perorangan,Program Pencegahan dan Pengendalian Penyakit,Pencegahan dan Pengendalian Penyakit Menular Langsung,Pelatihan Bidang Kesehatan,Workshop Pedoman IMS kepada Tenaga Kesehatan,Pelayanan Kesehatan Penyakit Menular dan Tidak Menular
7,KESEHATAN,Pelayanan Kesehatan Perorangan,Program Pencegahan dan Pengendalian Penyakit,Pencegahan dan Pengendalian Penyakit Menular Langsung,Pelatihan Bidang Kesehatan,Pelatihan Pencegahan dan Pengendalian Kusta Bagi Pengelola Program Kusta,Pelayanan Kesehatan Penyakit Menular dan Tidak Menular
7,KESEHATAN,Pelayanan Kesehatan Perorangan,Program Pencegahan dan Pengendalian Penyakit,Pencegahan dan Pengendalian Penyakit Tidak Menular,Fasilitasi dan Pembinaan Pemerintah Daerah,Bimbingan Teknis Pelaksanaan Layanan Upaya Berhenti Merokok,Pelayanan Kesehatan Penyakit Menular dan Tidak Menular
7,KESEHATAN,Pelayanan Kesehatan Perorangan,Program Pencegahan dan Pengendalian Penyakit,Pencegahan dan Pengendalian Penyakit Tular Vektor dan Zoonotik,Pelayanan Publik Lainnya,Assesment Peningkatan Kasus dan Eliminasi Malaria,Pelayanan Kesehatan Penyakit Menular dan Tidak Menular
8,KESEHATAN,Pelayanan Kesehatan Perorangan,Program Pencegahan dan Pengendalian Penyakit,Pencegahan dan Pengendalian Penyakit Tular Vektor dan Zoonotik,Pelayanan Publik Lainnya,Investigasi Kejadan Luar Biasa penyakit arbovirosis,Pengambilan dan Pengiriman Spesimen Penyakit Potensial KLB ke Laboratorium Rujukan/Nasional
"9,PELAYANAN UMUM,,Program Pencegahan dan Pengendalian Penyakit,Pencegahan dan Pengendalian Penyakit Tidak Menular,Koordinasi,Koordinasi pelaksanaan pencegahan dan pengendalian penyakit jantung dan pembuluh darah,""Pelaksanaan Koordinasi, Pemantauan dan Evaluasi Bidang Kesehatan, Pemberdayaan, Perlindungan Anak dan Pengendalian Penduduk"""
"9,PELAYANAN UMUM,,Program Pencegahan dan Pengendalian Penyakit,Pencegahan dan Pengendalian Penyakit Menular Langsung,Koordinasi,Koordinasi Program Pencegahan dan Pengendalian Kusta,""Pelaksanaan Koordinasi, Pemantauan dan Evaluasi Bidang Kesehatan, Pemberdayaan, Perlindungan Anak dan Pengendalian Penduduk"""
"9,PELAYANAN UMUM,,Program Pencegahan dan Pengendalian Penyakit,Surveilans dan Kekarantinaan Kesehatan,Koordinasi,Koordinasi pelaksanaan pencegahan dan pengendalian penyakit potensial KLB / Wabah,""Pelaksanaan Koordinasi, Pemantauan dan Evaluasi Bidang Kesehatan, Pemberdayaan, Perlindungan Anak dan Pengendalian Penduduk"""
"9,PELAYANAN UMUM,,Program Pencegahan dan Pengendalian Penyakit,Dukungan Pelayanan Surveilans dan Laboratorium Kesehatan Masyarakat untuk Pencegahan dan Pengendalian Penyakit,Koordinasi,Koordinasi pelaksanaan Surveilans dan Laboratorium Kesehatan Masyarakat untuk Pencegahan dan Pengendalian Penyakit,""Pelaksanaan Koordinasi, Pemantauan dan Evaluasi Bidang Kesehatan, Pemberdayaan, Perlindungan Anak dan Pengendalian Penduduk"""
"9,PELAYANAN UMUM,,Program Pencegahan dan Pengendalian Penyakit,Pencegahan dan Pengendalian Penyakit Menular Langsung,Koordinasi,Koordinasi Program Pencegahan dan Pengendalian Hepatitis di Provinsi,""Pelaksanaan Koordinasi, Pemantauan dan Evaluasi Bidang Kesehatan, Pemberdayaan, Perlindungan Anak dan Pengendalian Penduduk"""
"9,PELAYANAN UMUM,,Program Pencegahan dan Pengendalian Penyakit,Dukungan Pelayanan Kekarantinaan di Pintu Masuk Negara dan Wilayah,Koordinasi,Koordinasi Pelayanan Kekarantinaan di Pintu Masuk Negara dan Wilayah,""Pelaksanaan Koordinasi, Pemantauan dan Evaluasi Bidang Kesehatan, Pemberdayaan, Perlindungan Anak dan Pengendalian Penduduk"""
"9,PELAYANAN UMUM,,Program Pencegahan dan Pengendalian Penyakit,Pencegahan dan Pengendalian Penyakit Tular Vektor dan Zoonotik,Koordinasi,Koordinasi pelaksanaan pencegahan dan pengendalian penyakit zoonosis,""Pelaksanaan Koordinasi, Pemantauan dan Evaluasi Bidang Kesehatan, Pemberdayaan, Perlindungan Anak dan Pengendalian Penduduk"""
"9,PELAYANAN UMUM,,Program Pencegahan dan Pengendalian Penyakit,Pencegahan dan Pengendalian Penyakit Tular Vektor dan Zoonotik,Koordinasi,Koordinasi pelaksanaan pencegahan dan pengendalian penyakit Schistosomiasis,""Pelaksanaan Koordinasi, Pemantauan dan Evaluasi Bidang Kesehatan, Pemberdayaan, Perlindungan Anak dan Pengendalian Penduduk"""
"9,PELAYANAN UMUM,,Program Pencegahan dan Pengendalian Penyakit,Pencegahan dan Pengendalian Penyakit Menular Langsung,Koordinasi,Koordinasi Program Pencegahan dan Pengendalia Frambusia,""Pelaksanaan Koordinasi, Pemantauan dan Evaluasi Bidang Kesehatan, Pemberdayaan, Perlindungan Anak dan Pengendalian Penduduk"""
"9,PELAYANAN UMUM,,Program Pencegahan dan Pengendalian Penyakit,Pencegahan dan Pengendalian Penyakit Menular Langsung,Koordinasi,Koordinasi Pencegahan dan Pengendalian Diare serta Penyakit Infeksi Saluran Pencernaan Lainnya,""Pelaksanaan Koordinasi, Pemantauan dan Evaluasi Bidang Kesehatan, Pemberdayaan, Perlindungan Anak dan Pengendalian Penduduk"""
"9,PELAYANAN UMUM,,Program Pencegahan dan Pengendalian Penyakit,Pencegahan dan Pengendalian Penyakit Tular Vektor dan Zoonotik,Koordinasi,Koordinasi Percepatan Eliminasi Malaria,""Pelaksanaan Koordinasi, Pemantauan dan Evaluasi Bidang Kesehatan, Pemberdayaan, Perlindungan Anak dan Pengendalian Penduduk"""
"9,PELAYANAN UMUM,,Program Pencegahan dan Pengendalian Penyakit,Pencegahan dan Pengendalian Penyakit Tular Vektor dan Zoonotik,Koordinasi,Koordinasi pelaksanaan pencegahan dan pengendalian penyakit arbovirosis,""Pelaksanaan Koordinasi, Pemantauan dan Evaluasi Bidang Kesehatan, Pemberdayaan, Perlindungan Anak dan Pengendalian Penduduk"""
"9,PELAYANAN UMUM,,Program Pencegahan dan Pengendalian Penyakit,Pencegahan dan Pengendalian Penyakit Menular Langsung,Koordinasi,Koordinasi Program Pencegahan dan Pengendalian Hepatitis di Tingkat Pusat,""Pelaksanaan Koordinasi, Pemantauan dan Evaluasi Bidang Kesehatan, Pemberdayaan, Perlindungan Anak dan Pengendalian Penduduk"""
"9,PELAYANAN UMUM,,Program Pencegahan dan Pengendalian Penyakit,Pencegahan dan Pengendalian Penyakit Tidak Menular,Koordinasi,Koordinasi Penerapan Kawasan Tanpa Rokok,""Pelaksanaan Koordinasi, Pemantauan dan Evaluasi Bidang Kesehatan, Pemberdayaan, Perlindungan Anak dan Pengendalian Penduduk"""
"9,PELAYANAN UMUM,,Program Pencegahan dan Pengendalian Penyakit,Surveilans dan Kekarantinaan Kesehatan,Koordinasi,Koordinasi pelaksanaan imunisasi di Papua dan Papua Barat,""Pelaksanaan Koordinasi, Pemantauan dan Evaluasi Bidang Kesehatan, Pemberdayaan, Perlindungan Anak dan Pengendalian Penduduk"""
"9,PELAYANAN UMUM,,Program Pencegahan dan Pengendalian Penyakit,Pencegahan dan Pengendalian Penyakit Tular Vektor dan Zoonotik,Koordinasi,Koordinasi Pelaksanaan Pencegahan dan Pengendalian Filariasis dan Kecacingan Papua dan Papua Barat,""Pelaksanaan Koordinasi, Pemantauan dan Evaluasi Bidang Kesehatan, Pemberdayaan, Perlindungan Anak dan Pengendalian Penduduk"""
"9,PELAYANAN UMUM,,Program Pencegahan dan Pengendalian Penyakit,Pencegahan dan Pengendalian Penyakit Menular Langsung,Koordinasi,Koordinasi Pelaksanaan Pencegahan dan Pengendalian Penyakit IMS,""Pelaksanaan Koordinasi, Pemantauan dan Evaluasi Bidang Kesehatan, Pemberdayaan, Perlindungan Anak dan Pengendalian Penduduk"""
"9,PELAYANAN UMUM,,Program Pencegahan dan Pengendalian Penyakit,Surveilans dan Kekarantinaan Kesehatan,Koordinasi,Koordinasi pelaksanaan imunisasi,""Pelaksanaan Koordinasi, Pemantauan dan Evaluasi Bidang Kesehatan, Pemberdayaan, Perlindungan Anak dan Pengendalian Penduduk"""
"9,PELAYANAN UMUM,,Program Pencegahan dan Pengendalian Penyakit,Pencegahan dan Pengendalian Penyakit Tidak Menular,Koordinasi,Koordinasi pelaksanaan pencegahan dan pengendalian gangguan indera dan fungsional,""Pelaksanaan Koordinasi, Pemantauan dan Evaluasi Bidang Kesehatan, Pemberdayaan, Perlindungan Anak dan Pengendalian Penduduk"""
"9,PELAYANAN UMUM,,Program Pencegahan dan Pengendalian Penyakit,Pencegahan dan Pengendalian Penyakit Menular Langsung,Koordinasi,Koordinasi Program Pencegahan dan Pengendalian TBC,""Pelaksanaan Koordinasi, Pemantauan dan Evaluasi Bidang Kesehatan, Pemberdayaan, Perlindungan Anak dan Pengendalian Penduduk"""
"9,PELAYANAN UMUM,,Program Pencegahan dan Pengendalian Penyakit,Surveilans dan Kekarantinaan Kesehatan,Koordinasi,Koordinasi Pelaksanaan Pencegahan dan Pengendalian Penyakit Infeksi Emerging,""Pelaksanaan Koordinasi, Pemantauan dan Evaluasi Bidang Kesehatan, Pemberdayaan, Perlindungan Anak dan Pengendalian Penduduk"""
"9,PELAYANAN UMUM,,Program Pencegahan dan Pengendalian Penyakit,Surveilans dan Kekarantinaan Kesehatan,Koordinasi,Koordinasi Pengembangan Surveilans Real Time Penyakit Berbasis Laboratorium,""Pelaksanaan Koordinasi, Pemantauan dan Evaluasi Bidang Kesehatan, Pemberdayaan, Perlindungan Anak dan Pengendalian Penduduk"""
"9,PELAYANAN UMUM,,Program Pencegahan dan Pengendalian Penyakit,Surveilans dan Kekarantinaan Kesehatan,Koordinasi,Koordinasi Pelaksanaan Vaksinasi COVID-19 di Papua dan Papua Barat,""Pelaksanaan Koordinasi, Pemantauan dan Evaluasi Bidang Kesehatan, Pemberdayaan, Perlindungan Anak dan Pengendalian Penduduk"""
"9,PELAYANAN UMUM,,Program Pencegahan dan Pengendalian Penyakit,Surveilans dan Kekarantinaan Kesehatan,Koordinasi,Koordinasi Pelaksanaan Vaksinasi COVID-19,""Pelaksanaan Koordinasi, Pemantauan dan Evaluasi Bidang Kesehatan, Pemberdayaan, Perlindungan Anak dan Pengendalian Penduduk"""
"9,PELAYANAN UMUM,,Program Pencegahan dan Pengendalian Penyakit,Pencegahan dan Pengendalian Penyakit Menular Langsung,Koordinasi,Koordinasi Pelaksanaan Pencegahan dan Pengendalian Penyakit HIV,""Pelaksanaan Koordinasi, Pemantauan dan Evaluasi Bidang Kesehatan, Pemberdayaan, Perlindungan Anak dan Pengendalian Penduduk"""
"9,PELAYANAN UMUM,,Program Pencegahan dan Pengendalian Penyakit,Pencegahan dan Pengendalian Penyakit Tular Vektor dan Zoonotik,Koordinasi,Koordinasi Lintas Sektoral dan Lintas Program dalam Pengendalian Vektor dan Binatang Pembawa Penyakit,""Pelaksanaan Koordinasi, Pemantauan dan Evaluasi Bidang Kesehatan, Pemberdayaan, Perlindungan Anak dan Pengendalian Penduduk"""
"9,PELAYANAN UMUM,,Program Pencegahan dan Pengendalian Penyakit,Pencegahan dan Pengendalian Masalah Kesehatan Jiwa dan NAPZA,Koordinasi,Koordinasi Program Pencegahan dan Pengendalian Makeswa dan Napza,""Pelaksanaan Koordinasi, Pemantauan dan Evaluasi Bidang Kesehatan, Pemberdayaan, Perlindungan Anak dan Pengendalian Penduduk"""
"9,PELAYANAN UMUM,,Program Pencegahan dan Pengendalian Penyakit,Pencegahan dan Pengendalian Penyakit Tidak Menular,Koordinasi,Koordinasi pelaksanaan pencegahan dan pengendalian penyakit kanker dan kelainan darah,""Pelaksanaan Koordinasi, Pemantauan dan Evaluasi Bidang Kesehatan, Pemberdayaan, Perlindungan Anak dan Pengendalian Penduduk"""
"9,PELAYANAN UMUM,,Program Pencegahan dan Pengendalian Penyakit,Pencegahan dan Pengendalian Penyakit Menular Langsung,Koordinasi,Koordinasi Lintas Sektor dan Lintas Program dalam Pencegahan dan Pengendalian Penyakit ISPA,""Pelaksanaan Koordinasi, Pemantauan dan Evaluasi Bidang Kesehatan, Pemberdayaan, Perlindungan Anak dan Pengendalian Penduduk"""
"9,PELAYANAN UMUM,,Program Pencegahan dan Pengendalian Penyakit,Pencegahan dan Pengendalian Penyakit Tidak Menular,Koordinasi,Koordinasi pelaksanaan pencegahan dan pengendalian penyakit diabetes melitus dan gangguan metabolik,""Pelaksanaan Koordinasi, Pemantauan dan Evaluasi Bidang Kesehatan, Pemberdayaan, Perlindungan Anak dan Pengendalian Penduduk"""
"9,PELAYANAN UMUM,,Program Pencegahan dan Pengendalian Penyakit,Pencegahan dan Pengendalian Penyakit Tular Vektor dan Zoonotik,Koordinasi,Koordinasi Pelaksanaan Pencegahan dan Pengendalian Filariasis dan Kecacingan,""Pelaksanaan Koordinasi, Pemantauan dan Evaluasi Bidang Kesehatan, Pemberdayaan, Perlindungan Anak dan Pengendalian Penduduk"""
"9,PELAYANAN UMUM,,Program Pencegahan dan Pengendalian Penyakit,Surveilans dan Kekarantinaan Kesehatan,Koordinasi,Koordinasi pelaksanaan kekarantinaan kesehatan,""Pelaksanaan Koordinasi, Pemantauan dan Evaluasi Bidang Kesehatan, Pemberdayaan, Perlindungan Anak dan Pengendalian Penduduk"""
15,KESEHATAN,Pelayanan Kesehatan Perorangan,Program Pencegahan dan Pengendalian Penyakit,Pencegahan dan Pengendalian Penyakit Tular Vektor dan Zoonotik,OM Sarana Bidang Kesehatan,Pemeliharaan Sistim Informasi Pencegahan dan Pengendalian Penyakit Arbovirosis (SIARVI),Pengelolaan Sistem Informasi Kesehatan
15,KESEHATAN,Pelayanan Kesehatan Perorangan,Program Pencegahan dan Pengendalian Penyakit,Pencegahan dan Pengendalian Penyakit Tular Vektor dan Zoonotik,OM Sarana Bidang Kesehatan,Pemeliharaan Sistim Informasi Pencegahan dan Pengendalian penyakit filariasis dan kecacingan (EFILCA),Pengelolaan Sistem Informasi Kesehatan
15,KESEHATAN,Pelayanan Kesehatan Perorangan,Program Pencegahan dan Pengendalian Penyakit,Surveilans dan Kekarantinaan Kesehatan,OM Sarana Bidang Kesehatan,Pemeliharaan Sistim Informasi Pencegahan dan Pengendalian Penyakit Potensial KLB/Wabah,Pengelolaan Sistem Informasi Kesehatan
15,KESEHATAN,Pelayanan Kesehatan Perorangan,Program Pencegahan dan Pengendalian Penyakit,Pencegahan dan Pengendalian Penyakit Menular Langsung,OM Sarana Bidang Kesehatan,Pemeliharaan Sistem Informasi Penyakit Pencegahan dan Pengendalian Penyakit HIV AIDS dan PIMS,Pengelolaan Sistem Informasi Kesehatan
16,KESEHATAN,Pelayanan Kesehatan Perorangan,Program Pencegahan dan Pengendalian Penyakit,Pencegahan dan Pengendalian Penyakit Menular Langsung,Pelatihan Bidang Kesehatan,Workshop Petugas dalam Pelaksanaan Skrining TB pada ODHA di Layanan HIV,Pengelolaan Pelayanan Kesehatan Orang Terduga Tuberkulosis
16,KESEHATAN,Pelayanan Kesehatan Perorangan,Program Pencegahan dan Pengendalian Penyakit,Pencegahan dan Pengendalian Penyakit Menular Langsung,Sosialisasi dan Diseminasi,Sosialisasi dan Diseminasi Pencegahan dan Pengendalian TBC,Pengelolaan Pelayanan Kesehatan Orang Terduga Tuberkulosis
16,KESEHATAN,Pelayanan Kesehatan Perorangan,Program Pencegahan dan Pengendalian Penyakit,Pencegahan dan Pengendalian Penyakit Menular Langsung,Sarana Bidang Kesehatan,Sarana dan Prasarana serta Logistik dalam Pengendalian TBC,Pengelolaan Pelayanan Kesehatan Orang Terduga Tuberkulosis
16,KESEHATAN,Pelayanan Kesehatan Perorangan,Program Pencegahan dan Pengendalian Penyakit,Pencegahan dan Pengendalian Penyakit Menular Langsung,Pelayanan Publik Lainnya,Distribusi Logistik dalam Pengendalian TBC,Pengelolaan Pelayanan Kesehatan Orang Terduga Tuberkulosis
16,KESEHATAN,Pelayanan Kesehatan Perorangan,Program Pencegahan dan Pengendalian Penyakit,Pencegahan dan Pengendalian Penyakit Menular Langsung,Pelatihan Bidang Kesehatan,Workshop Skrining dan Deteksi Dini Pada Kelompok Berisiko untuk Pengendalian TBC dalam Pelaksanaan SPM TBC,Pengelolaan Pelayanan Kesehatan Orang Terduga Tuberkulosis
16,KESEHATAN,Pelayanan Kesehatan Perorangan,Program Pencegahan dan Pengendalian Penyakit,Pencegahan dan Pengendalian Penyakit Menular Langsung,Data dan Informasi Publik,Media KIE P2 TBC,Pengelolaan Pelayanan Kesehatan Orang Terduga Tuberkulosis
17,KESEHATAN,Pelayanan Kesehatan Perorangan,Program Pencegahan dan Pengendalian Penyakit,Pencegahan dan Pengendalian Penyakit Menular Langsung,Pelayanan Publik Lainnya,Sero Survei HIV AIDS,Pengelolaan Pelayanan Kesehatan Orang dengan Risiko Terinfeksi HIV
"17,KESEHATAN,Pelayanan Kesehatan Perorangan,Program Pencegahan dan Pengendalian Penyakit,Pencegahan dan Pengendalian Penyakit Menular Langsung,""Norma, Standard, Prosedur dan Kriteria"",NSPK Pencegahan dan Pengendalian Penyakit HIV AIDS,Pengelolaan Pelayanan Kesehatan Orang dengan Risiko Terinfeksi HIV"
17,KESEHATAN,Pelayanan Kesehatan Perorangan,Program Pencegahan dan Pengendalian Penyakit,Pencegahan dan Pengendalian Penyakit Menular Langsung,Fasilitasi dan Pembinaan Pemerintah Daerah,Demonstrasi Site untuk Penemuan Kasus HIV Dini oleh Kader Kesehatan,Pengelolaan Pelayanan Kesehatan Orang dengan Risiko Terinfeksi HIV
17,KESEHATAN,Pelayanan Kesehatan Perorangan,Program Pencegahan dan Pengendalian Penyakit,Pencegahan dan Pengendalian Penyakit Menular Langsung,Pelayanan Publik kepada masyarakat,Pendampingan Bumil ODHA oleh Kader,Pengelolaan Pelayanan Kesehatan Orang dengan Risiko Terinfeksi HIV
17,KESEHATAN,Pelayanan Kesehatan Perorangan,Program Pencegahan dan Pengendalian Penyakit,Pencegahan dan Pengendalian Penyakit Menular Langsung,Pelayanan Publik Lainnya,Penemuan Aktif Kasus HIV Pada Populasi Kunci,Pengelolaan Pelayanan Kesehatan Orang dengan Risiko Terinfeksi HIV
17,KESEHATAN,Pelayanan Kesehatan Perorangan,Program Pencegahan dan Pengendalian Penyakit,Pencegahan dan Pengendalian Penyakit Menular Langsung,Pelatihan Bidang Kesehatan,Workshop Test and Treat di Provinsi,Pengelolaan Pelayanan Kesehatan Orang dengan Risiko Terinfeksi HIV
17,KESEHATAN,Pelayanan Kesehatan Perorangan,Program Pencegahan dan Pengendalian Penyakit,Pencegahan dan Pengendalian Penyakit Menular Langsung,Pelatihan Bidang Kesehatan,Workshop Kader dalam Penemuan Kasus HIV dan Pendampingan Pengobatan,Pengelolaan Pelayanan Kesehatan Orang dengan Risiko Terinfeksi HIV
17,KESEHATAN,Pelayanan Kesehatan Perorangan,Program Pencegahan dan Pengendalian Penyakit,Pencegahan dan Pengendalian Penyakit Menular Langsung,Pelatihan Bidang Kesehatan,Workshop Petugas Laboratorium dalam Upaya Peningkatan Cakupan Pemeriksaan VL,Pengelolaan Pelayanan Kesehatan Orang dengan Risiko Terinfeksi HIV
17,KESEHATAN,Pelayanan Kesehatan Perorangan,Program Pencegahan dan Pengendalian Penyakit,Pencegahan dan Pengendalian Penyakit Menular Langsung,Sosialisasi dan Diseminasi,Sosialisasi Program HIV AIDS dalam Rangka Pengurangan Stigma dan Diskriminasi,Pengelolaan Pelayanan Kesehatan Orang dengan Risiko Terinfeksi HIV
17,KESEHATAN,Pelayanan Kesehatan Perorangan,Program Pencegahan dan Pengendalian Penyakit,Dukungan Pelayanan Kekarantinaan di Pintu Masuk Negara dan Wilayah,Pelayanan Publik Lainnya,Layanan survei faktor risiko penyakit HIV AIDS,Pengelolaan Pelayanan Kesehatan Orang dengan Risiko Terinfeksi HIV
"17,KESEHATAN,Pelayanan Kesehatan Perorangan,Program Pencegahan dan Pengendalian Penyakit,Pencegahan dan Pengendalian Penyakit Menular Langsung,Sarana Bidang Kesehatan,""Pemenuhan Alat, Reagen untuk Skrining, Diagnostik dan Pemantauan Pengobatatan HIV AIDS dan PIMS"",Pengelolaan Pelayanan Kesehatan Orang dengan Risiko Terinfeksi HIV"
18,KESEHATAN,Pelayanan Kesehatan Perorangan,Program Pencegahan dan Pengendalian Penyakit,Pencegahan dan Pengendalian Penyakit Menular Langsung,Sarana Bidang Kesehatan,Alat dan Bahan Kesehatan untuk Deteksi Dini dan Pencegahan Penyakit ISPA,Pengadaan Alat Kesehatan/Alat Penunjang Medik Fasilitas Pelayanan Kesehatan
18,KESEHATAN,Pelayanan Kesehatan Perorangan,Program Pencegahan dan Pengendalian Penyakit,Surveilans dan Kekarantinaan Kesehatan,Sarana Bidang Kesehatan,Pengadaan Alat dan Bahan Kesehatan Pencegahan dan Pengendalian Penyakit Infeksi Emerging,Pengadaan Alat Kesehatan/Alat Penunjang Medik Fasilitas Pelayanan Kesehatan
18,KESEHATAN,Pelayanan Kesehatan Perorangan,Program Pencegahan dan Pengendalian Penyakit,Pencegahan dan Pengendalian Penyakit Tular Vektor dan Zoonotik,Sarana Bidang Kesehatan,Alat dan bahan kesehatan pengendalian vektor,Pengadaan Alat Kesehatan/Alat Penunjang Medik Fasilitas Pelayanan Kesehatan
18,KESEHATAN,Pelayanan Kesehatan Perorangan,Program Pencegahan dan Pengendalian Penyakit,Pencegahan dan Pengendalian Penyakit Tular Vektor dan Zoonotik,Sarana Bidang Kesehatan,Alat dan bahan kesehatan pencegahan dan pengendalian penyakit Filariasis dan Kecacingan,Pengadaan Alat Kesehatan/Alat Penunjang Medik Fasilitas Pelayanan Kesehatan
18,KESEHATAN,Pelayanan Kesehatan Perorangan,Program Pencegahan dan Pengendalian Penyakit,Pencegahan dan Pengendalian Penyakit Tular Vektor dan Zoonotik,Sarana Bidang Kesehatan,Alat dan bahan kesehatan pencegahan dan pengendalian malaria,Pengadaan Alat Kesehatan/Alat Penunjang Medik Fasilitas Pelayanan Kesehatan
18,KESEHATAN,Pelayanan Kesehatan Perorangan,Program Pencegahan dan Pengendalian Penyakit,Pencegahan dan Pengendalian Penyakit Tular Vektor dan Zoonotik,Sarana Bidang Kesehatan,Alat dan bahan kesehatan pencegahan dan pengendalian penyakit zoonosis,Pengadaan Alat Kesehatan/Alat Penunjang Medik Fasilitas Pelayanan Kesehatan
18,KESEHATAN,Pelayanan Kesehatan Perorangan,Program Pencegahan dan Pengendalian Penyakit,Surveilans dan Kekarantinaan Kesehatan,Sarana Bidang Kesehatan,Pengadaan alat dan bahan kesehatan kekarantinaan kesehatan,Pengadaan Alat Kesehatan/Alat Penunjang Medik Fasilitas Pelayanan Kesehatan
18,KESEHATAN,Pelayanan Kesehatan Perorangan,Program Pencegahan dan Pengendalian Penyakit,Pencegahan dan Pengendalian Penyakit Menular Langsung,Sarana Bidang Kesehatan,Sarana dan Prasarana serta Logistik P2 Hepatitis,Pengadaan Alat Kesehatan/Alat Penunjang Medik Fasilitas Pelayanan Kesehatan
18,KESEHATAN,Pelayanan Kesehatan Perorangan,Program Pencegahan dan Pengendalian Penyakit,Pencegahan dan Pengendalian Penyakit Tular Vektor dan Zoonotik,Sarana Bidang Kesehatan,Alat dan bahan kesehatan pencegahan dan pengendalian penyakit arbovirosis,Pengadaan Alat Kesehatan/Alat Penunjang Medik Fasilitas Pelayanan Kesehatan
18,KESEHATAN,Pelayanan Kesehatan Perorangan,Program Pencegahan dan Pengendalian Penyakit,Surveilans dan Kekarantinaan Kesehatan,Sarana Bidang Kesehatan,Alat dan bahan kesehatan pendukung imunisasi,Pengadaan Alat Kesehatan/Alat Penunjang Medik Fasilitas Pelayanan Kesehatan
18,KESEHATAN,Pelayanan Kesehatan Perorangan,Program Pencegahan dan Pengendalian Penyakit,Pencegahan dan Pengendalian Penyakit Menular Langsung,Sarana Bidang Kesehatan,Alat dan Bahan Kesehatan Pencegahan dan Pengendalian Penyakit IMS,Pengadaan Alat Kesehatan/Alat Penunjang Medik Fasilitas Pelayanan Kesehatan
18,KESEHATAN,Pelayanan Kesehatan Perorangan,Program Pencegahan dan Pengendalian Penyakit,Surveilans dan Kekarantinaan Kesehatan,Sarana Bidang Kesehatan,Pengadaan alat dan bahan kesehatan penegahan dan pengendalian penyakit potensial KLB / Wabah,Pengadaan Alat Kesehatan/Alat Penunjang Medik Fasilitas Pelayanan Kesehatan
"19,KESEHATAN,Pelayanan Kesehatan Perorangan,Program Pencegahan dan Pengendalian Penyakit,Pencegahan dan Pengendalian Penyakit Tular Vektor dan Zoonotik,Data dan Informasi Publik,""Media komunikasi, informasi, edukasi pencegahan dan pengendalian penyakit malaria"",Pengelolaan pelayanan kesehatan Malaria"
19,KESEHATAN,Pelayanan Kesehatan Perorangan,Program Pencegahan dan Pengendalian Penyakit,Pencegahan dan Pengendalian Penyakit Tular Vektor dan Zoonotik,Sosialisasi dan Diseminasi,Sosialisasi GERMAS menuju Eliminasi Malaria,Pengelolaan pelayanan kesehatan Malaria
19,KESEHATAN,Pelayanan Kesehatan Perorangan,Program Pencegahan dan Pengendalian Penyakit,Pencegahan dan Pengendalian Penyakit Tular Vektor dan Zoonotik,Pelatihan Bidang Kesehatan,Pelatihan SDM Malaria di Kab/Kota Endemis Tinggi Malaria,Pengelolaan pelayanan kesehatan Malaria
19,KESEHATAN,Pelayanan Kesehatan Perorangan,Program Pencegahan dan Pengendalian Penyakit,Pencegahan dan Pengendalian Penyakit Tular Vektor dan Zoonotik,Pelatihan Bidang Kesehatan,Pelatihan SDM Malaria,Pengelolaan pelayanan kesehatan Malaria
21,KESEHATAN,Pelayanan Kesehatan Perorangan,Program Pencegahan dan Pengendalian Penyakit,Pencegahan dan Pengendalian Penyakit Tidak Menular,Sosialisasi dan Diseminasi,Sosialisasi pencegahan dan pengendalian penyakit diabetes melitus dan gangguan metabolik,Pengelolaan Pelayanan Kesehatan Penderita Diabetes Melitus
21,KESEHATAN,Pelayanan Kesehatan Perorangan,Program Pencegahan dan Pengendalian Penyakit,Pencegahan dan Pengendalian Penyakit Tidak Menular,Pelatihan Bidang Kesehatan,Pelatihan Pencegahan dan Pengendalian Diabetes Melitus dan Gangguan Metabolik,Pengelolaan Pelayanan Kesehatan Penderita Diabetes Melitus
"21,KESEHATAN,Pelayanan Kesehatan Perorangan,Program Pencegahan dan Pengendalian Penyakit,Pencegahan dan Pengendalian Penyakit Tidak Menular,""Norma, Standard, Prosedur dan Kriteria"",NSPK pencegahan dan pengendalian penyakit diabetes melitus dan gangguan metabolik,Pengelolaan Pelayanan Kesehatan Penderita Diabetes Melitus"
21,KESEHATAN,Pelayanan Kesehatan Perorangan,Program Pencegahan dan Pengendalian Penyakit,Pencegahan dan Pengendalian Penyakit Tidak Menular,Sarana Bidang Kesehatan,alat dan bahan kesehatan pencegahan dan pengendalian penyakit diabetes melitus dan gangguan metabolik,Pengelolaan Pelayanan Kesehatan Penderita Diabetes Melitus
21,KESEHATAN,Pelayanan Kesehatan Perorangan,Program Pencegahan dan Pengendalian Penyakit,Pencegahan dan Pengendalian Penyakit Tidak Menular,Fasilitasi dan Pembinaan Pemerintah Daerah,Monev Supervisi pencegahan dan pengendalian penyakit diabetes melitus dan gangguan metabolik,Pengelolaan Pelayanan Kesehatan Penderita Diabetes Melitus
23,KESEHATAN,Pelayanan Kesehatan Perorangan,Program Pencegahan dan Pengendalian Penyakit,Dukungan Pelayanan Surveilans dan Laboratorium Kesehatan Masyarakat untuk Pencegahan dan Pengendalian Penyakit,Sarana Bidang Kesehatan,Pengadaan alat dan bahan laboratorium,Pengadaan dan Pemeliharaan Alat Kalibrasi 
24,KESEHATAN,Pelayanan Kesehatan Perorangan,Program Pencegahan dan Pengendalian Penyakit,Dukungan Pelayanan Kekarantinaan di Pintu Masuk Negara dan Wilayah,Pelayanan Publik kepada masyarakat,Pelayanan kesehatan di pelabuhan/bandara/lintas batas,Pengelolaan Pelayanan Kesehatan Lingkungan 
